population,households,median_income
20639.0,20639.0,20639.0
1425.4895586026455,499.54261349871604,3.8706163331556764
1132.5023429612277,382.3445693605687,1.8999925574811019
3.0,1.0,0.0
787.0,280.0,2.5631
1166.0,409.0,3.5349
1725.0,605.0,4.743399999999999
35682.0,6082.0,15.0001
